{
	"class_name" : "PinholeCameraParameters",
	"extrinsic" : 
	[
		0.99998200005400006,
		-0.0046999332580469136,
		0.0037296374317054089,
		0.0,
		0.0,
		-0.6216099682706645,
		-0.78332690962748341,
		0.0,
		0.0059999640000648006,
		0.78331280978540974,
		-0.62159877932480245,
		0.0,
		-0.0,
		3.5527136788005009e-15,
		55.04672651354943,
		1.0
	],
	"intrinsic" : 
	{
		"height" : 700,
		"intrinsic_matrix" : 
		[
			606.21778264910711,
			0.0,
			0.0,
			0.0,
			606.21778264910711,
			0.0,
			399.5,
			349.5,
			1.0
		],
		"width" : 800
	},
	"version_major" : 1,
	"version_minor" : 0
}